query,intent
"Show me condos in Irvine under 1.5 million","property_search"
"Find 3 bedroom homes in San Diego","property_search"
"Show me townhouses with at least 2 bathrooms","property_search"
"Find single family homes under 900000","property_search"
"Show me homes with more than 2000 square feet","property_search"
"Find properties with a pool","amenity_search"
"Show me homes with a spa","amenity_search"
"Find listings in gated communities","amenity_search"
"Show me homes near a clubhouse","amenity_search"
"Find properties with tennis courts","amenity_search"
"Show me homes close to the beach","location_search"
"Find properties near shopping and dining","location_search"
"Show me homes near good schools","location_search"
"Find listings within walking distance of downtown","location_search"
"Show me homes with easy freeway access","location_search"
"Find homes with granite countertops","feature_search"
"Show me listings with stainless steel appliances","feature_search"
"Find homes with walk-in closets","feature_search"
"Show me properties with a home office","feature_search"
"Find houses with an open floor plan","feature_search"
"Show me remodeled homes","condition_search"
"Find recently renovated properties","condition_search"
"Show me move-in ready homes","condition_search"
"Find newly updated listings","condition_search"
"Show me well maintained properties","condition_search"
"Find homes with ocean views","view_search"
"Show me houses with mountain views","view_search"
"Find properties with city views","view_search"
"Show me homes with panoramic views","view_search"
"Find listings overlooking a golf course","view_search"
"Show me homes with low HOA fees","financial_search"
"Find properties with no HOA","financial_search"
"Show me investment properties","financial_search"
"Find listings with rental income","financial_search"
"Show me homes with a recent price reduction","financial_search"
"Show me 2 bedroom condos near downtown","property_search"
"Find homes under 800000 with at least 3 bedrooms","property_search"
"Show me townhomes with 2 car garages","property_search"
"Find properties larger than 2500 square feet","property_search"
"Show me single family homes with 4 bedrooms","property_search"
"Find homes with a community pool","amenity_search"
"Show me properties with a fitness center","amenity_search"
"Find homes with a playground nearby","amenity_search"
"Show me listings with a dog park","amenity_search"
"Find homes in communities with walking trails","amenity_search"
"Show me properties close to restaurants","location_search"
"Find homes near parks","location_search"
"Show me houses near shopping centers","location_search"
"Find properties close to major freeways","location_search"
"Show me homes near the beach","location_search"
"Find houses with hardwood floors","feature_search"
"Show me homes with recessed lighting","feature_search"
"Find properties with a laundry room","feature_search"
"Show me houses with a family room","feature_search"
"Find homes with a large kitchen island","feature_search"
"Show me recently upgraded homes","condition_search"
"Find turnkey properties","condition_search"
"Show me homes with panoramic ocean views","view_search"
"Find houses with mountain views","view_search"
"Show me properties with low monthly HOA fees","financial_search"