term,ngram,count,keep,category,notes
home,1,2350,,,
living,1,1816,,,
room,1,1267,,,
offers,1,1106,,,
space,1,1079,,,
kitchen,1,921,yes,interior_feature,Initial Week 1 taxonomy review
private,1,840,,,
features,1,807,,,
dining,1,770,,,
spacious,1,718,,,
property,1,674,,,
area,1,671,,,
new,1,655,,,
bedrooms,1,630,,,
located,1,616,,,
access,1,591,,,
one,1,579,,,
additional,1,560,,,
garage,1,559,yes,exterior_feature,Initial Week 1 taxonomy review
community,1,544,,,
entertaining,1,539,,,
enjoy,1,537,,,
primary,1,524,,,
opportunity,1,501,,,
two,1,491,,,
views,1,489,yes,view,Approved from extracted candidates
outdoor,1,488,,,
floor,1,485,,,
bedroom,1,485,,,
perfect,1,484,,,
large,1,477,,,
throughout,1,448,,,
beautifully,1,444,,,
suite,1,439,,,
bathroom,1,433,,,
residence,1,430,yes,property_type,Approved from extracted candidates
designed,1,420,,,
pool,1,409,yes,amenity,Initial Week 1 taxonomy review
open,1,408,,,
flooring,1,395,yes,interior_feature,Initial Week 1 taxonomy review
family,1,393,,,
backyard,1,393,yes,exterior_feature,Initial Week 1 taxonomy review
updated,1,391,yes,condition,Initial Week 1 taxonomy review
shopping,1,388,,,
modern,1,385,yes,condition,Approved from extracted candidates
offering,1,385,,,
comfort,1,379,,,
storage,1,375,yes,interior_feature,Approved from extracted candidates
bath,1,373,,,
exceptional,1,372,,,
welcome,1,364,,,
light,1,363,,,
natural,1,361,,,
featuring,1,342,,,
custom,1,338,yes,condition,Approved from extracted candidates
fireplace,1,337,yes,interior_feature,Initial Week 1 taxonomy review
everyday,1,334,,,
lot,1,332,,,
retreat,1,329,,,
plan,1,328,,,
include,1,327,,,
appliances,1,326,yes,interior_feature,Approved from extracted candidates
parking,1,325,yes,exterior_feature,Initial Week 1 taxonomy review
inviting,1,319,,,
expansive,1,318,,,
closet,1,317,yes,interior_feature,Approved from extracted candidates
including,1,317,,,
bathrooms,1,316,,,
privacy,1,315,,,
cabinetry,1,310,yes,interior_feature,Initial Week 1 taxonomy review
patio,1,309,yes,exterior_feature,Initial Week 1 taxonomy review
beautiful,1,309,,,
location,1,308,,,
full,1,308,,,
desirable,1,307,,,
convenience,1,298,,,
ideal,1,293,,,
office,1,293,,,
areas,1,288,,,
laundry,1,288,,,
countertops,1,285,,,
amenities,1,285,,,
rare,1,284,,,
main,1,282,,,
lifestyle,1,279,,,
windows,1,278,yes,interior_feature,Approved from extracted candidates
also,1,277,,,
spaces,1,267,,,
creating,1,262,,,
easy,1,260,,,
provides,1,256,,,
park,1,251,,,
ceilings,1,248,,,
includes,1,248,,,
thoughtfully,1,246,,,
setting,1,246,,,
generous,1,244,,,
center,1,242,,,
shower,1,242,yes,interior_feature,Initial Week 1 taxonomy review
outside,1,239,,,
upstairs,1,238,,,
square,1,238,,,
convenient,1,236,,,
remodeled,1,230,yes,condition,Initial Week 1 taxonomy review
inside,1,227,,,
interior,1,225,,,
spa,1,225,yes,amenity,Initial Week 1 taxonomy review
minutes,1,224,,,
separate,1,223,,,
step,1,223,,,
ready,1,221,,,
doors,1,219,yes,interior_feature,Approved from extracted candidates
lighting,1,219,yes,interior_feature,Approved from extracted candidates
water,1,218,,,
potential,1,216,,,
level,1,211,,,
near,1,210,,,
guests,1,209,,,
create,1,208,,,
layout,1,207,,,
island,1,204,yes,interior_feature,Initial Week 1 taxonomy review
mountain,1,203,,,
great,1,202,,,
schools,1,202,yes,location,Initial Week 1 taxonomy review
conveniently,1,201,,,
tile,1,201,,,
system,1,201,,,
city,1,199,,,
plenty,1,198,,,
front,1,196,,,
comfortable,1,195,,,
approximately,1,195,,,
within,1,194,,,
sq,1,194,,,
oversized,1,193,,,
guest,1,193,,,
upgraded,1,191,yes,condition,Initial Week 1 taxonomy review
peaceful,1,191,,,
highly,1,190,,,
complete,1,190,,,
neighborhood,1,189,,,
bright,1,189,,,
stainless,1,188,,,
covered,1,188,,,
dual,1,188,,,
flexibility,1,187,,,
gated,1,186,,,
solar,1,182,,,
relaxing,1,180,,,
abundant,1,179,,,
unit,1,179,,,
situated,1,178,,,
close,1,177,,,
steel,1,175,,,
feet,1,175,,,
finishes,1,173,,,
three,1,172,,,
ample,1,171,,,
house,1,169,,,
stunning,1,168,,,
beach,1,167,yes,location,Initial Week 1 taxonomy review
luxury,1,165,yes,condition,Approved from extracted candidates
away,1,165,,,
glass,1,163,,,
granite,1,162,,,
quiet,1,161,,,
parks,1,161,yes,location,Approved from extracted candidates
wood,1,159,,,
cozy,1,158,,,
heart,1,158,,,
attached,1,157,,,
restaurants,1,156,yes,location,Approved from extracted candidates
style,1,155,,,
fully,1,155,,,
quartz,1,154,,,
trees,1,151,,,
fresh,1,151,,,
valley,1,150,,,
design,1,150,,,
paint,1,150,,,
seamlessly,1,149,,,
ideally,1,149,,,
make,1,148,,,
desert,1,148,,,
maintained,1,147,yes,condition,Approved from extracted candidates
upgrades,1,147,,,
built,1,146,,,
plus,1,146,,,
balcony,1,146,yes,exterior_feature,Initial Week 1 taxonomy review
charming,1,144,,,
miss,1,142,,,
tub,1,142,,,
along,1,141,,,
newer,1,141,yes,condition,Approved from extracted candidates
lake,1,140,,,
high,1,139,,,
mature,1,139,,,
san,1,138,,,
golf,1,138,,,
downtown,1,137,yes,location,Approved from extracted candidates
central,1,137,,,
dedicated,1,136,,,
bar,1,135,,,
major,1,134,,,
deck,1,134,yes,exterior_feature,Initial Week 1 taxonomy review
well,1,133,,,
coastal,1,133,,,
providing,1,132,,,
yard,1,131,yes,exterior_feature,Approved from extracted candidates
door,1,131,,,
floors,1,130,,,
offer,1,130,,,
adu,1,130,,,
come,1,129,,,
detached,1,129,,,
condo,1,128,yes,property_type,Initial Week 1 taxonomy review
buyer,1,128,,,
ceiling,1,128,,,
place,1,128,,,
find,1,127,,,
recessed,1,126,,,
warm,1,126,,,
whether,1,125,,,
hoa,1,125,yes,financial,Initial Week 1 taxonomy review
blend,1,124,,,
opens,1,124,,,
truly,1,123,,,
california,1,123,,,
multiple,1,123,,,
gas,1,122,,,
character,1,122,,,
school,1,121,,,
set,1,120,,,
landscaping,1,119,yes,exterior_feature,Approved from extracted candidates
every,1,118,,,
enjoying,1,118,,,
hills,1,117,,,
provide,1,117,,,
experience,1,116,,,
second,1,115,,,
best,1,115,,,
looking,1,114,,,
making,1,113,,,
true,1,112,,,
street,1,112,,,
fitness,1,111,,,
added,1,111,,,
garden,1,111,yes,exterior_feature,Approved from extracted candidates
flexible,1,110,,,
los,1,109,,,
back,1,108,,,
direct,1,107,,,
nearby,1,107,yes,location,Approved from extracted candidates
feel,1,107,,,
trails,1,107,,,
bonus,1,107,,,
adds,1,107,,,
possibilities,1,106,,,
downstairs,1,105,,,
combination,1,105,,,
ocean,1,105,,,
functional,1,105,,,
driveway,1,105,yes,exterior_feature,Approved from extracted candidates
entertainment,1,104,,,
exterior,1,104,,,
income,1,104,yes,financial,Approved from extracted candidates
entry,1,103,,,
hardwood,1,103,,,
versatile,1,103,,,
homes,1,103,,,
soaring,1,102,,,
car,1,102,,,
walk,1,102,,,
functionality,1,101,,,
tennis,1,101,,,
seamless,1,101,,,
residents,1,100,,,
rental,1,100,yes,financial,Approved from extracted candidates
country,1,99,,,
sized,1,98,,,
view,1,98,yes,view,Approved from extracted candidates
thoughtful,1,97,,,
loft,1,97,yes,property_type,Approved from extracted candidates
roof,1,97,yes,exterior_feature,Approved from extracted candidates
today,1,97,,,
vaulted,1,97,,,
highlights,1,97,,,
walking,1,96,,,
flows,1,96,,,
premium,1,96,,,
air,1,95,,,
charm,1,95,,,
formal,1,95,,,
wonderful,1,95,,,
breakfast,1,95,,,
estate,1,95,,,
courts,1,93,,,
elegant,1,93,,,
freeway,1,93,yes,location,Approved from extracted candidates
future,1,93,,,
flow,1,93,,,
closets,1,92,,,
angeles,1,92,,,
coffee,1,92,,,
next,1,92,,,
pantry,1,92,yes,interior_feature,Approved from extracted candidates
sliding,1,91,,,
value,1,91,,,
la,1,91,,,
renovated,1,90,yes,condition,Initial Week 1 taxonomy review
refrigerator,1,90,,,
like,1,90,,,
sparkling,1,89,,,
excellent,1,89,,,
rv,1,89,,,
soaking,1,89,,,
security,1,89,yes,amenity,Approved from extracted candidates
buyers,1,89,,,
sink,1,88,,,
stylish,1,88,,,
atmosphere,1,88,,,
recreation,1,88,,,
freeways,1,87,yes,location,Approved from extracted candidates
ft,1,87,,,
included,1,87,,,
serene,1,87,,,
morning,1,87,,,
impressive,1,87,,,
baths,1,86,,,
studio,1,86,yes,property_type,Approved from extracted candidates
add,1,86,,,
contemporary,1,86,,,
ensuite,1,85,yes,interior_feature,Approved from extracted candidates
bbq,1,85,,,
building,1,85,,,
indoor,1,85,,,
timeless,1,85,,,
corner,1,84,,,
first,1,84,,,
luxurious,1,83,,,
generously,1,83,,,
effortless,1,83,,,
side,1,82,,,
palm,1,82,,,
simply,1,82,,,
seating,1,82,,,
chef,1,82,,,
range,1,81,,,
district,1,81,,,
village,1,81,,,
counter,1,80,,,
feels,1,80,,,
available,1,80,,,
designer,1,80,,,
special,1,80,,,
unique,1,80,,,
canyon,1,79,,,
club,1,79,,,
short,1,79,,,
pools,1,79,,,
fixtures,1,79,,,
stone,1,78,,,
gathering,1,78,,,
clubhouse,1,78,yes,amenity,Initial Week 1 taxonomy review
neighborhoods,1,78,,,
investment,1,78,yes,financial,Initial Week 1 taxonomy review
breathtaking,1,78,,,
incredible,1,78,,,
south,1,77,,,
improvements,1,77,,,
equipped,1,77,,,
endless,1,77,,,
end,1,77,,,
vanities,1,76,,,
feature,1,76,,,
lush,1,76,,,
tucked,1,76,,,
window,1,76,,,
long,1,75,,,
around,1,75,,,
gatherings,1,75,,,
extra,1,75,,,
wall,1,74,,,
welcoming,1,74,,,
owner,1,74,,,
rear,1,74,,,
surrounded,1,73,,,
cabinets,1,73,,,
vanity,1,73,,,
overlooking,1,73,,,
relax,1,73,,,
vibrant,1,72,,,
scenic,1,72,,,
panoramic,1,72,yes,view,Approved from extracted candidates
nestled,1,72,,,
moments,1,71,,,
vinyl,1,71,,,
dramatic,1,71,,,
installed,1,70,,,
see,1,70,,,
architectural,1,70,,,
gym,1,70,yes,amenity,Initial Week 1 taxonomy review
clean,1,70,,,
washer,1,69,,,
dryer,1,69,,,
creates,1,69,,,
backsplash,1,68,,,
double,1,68,,,
grounds,1,68,,,
land,1,68,,,
gourmet,1,68,,,
updates,1,68,,,
right,1,68,,,
drive,1,68,,,
turnkey,1,68,yes,condition,Approved from extracted candidates
springs,1,67,,,
master,1,67,,,
walls,1,67,,,
positioned,1,67,,,
communities,1,67,,,
sinks,1,67,,,
distance,1,66,,,
resort,1,66,,,
discover,1,66,,,
four,1,66,,,
course,1,65,,,
mind,1,65,,,
appointed,1,65,,,
wine,1,65,,,
acres,1,65,,,
years,1,65,,,
across,1,64,,,
filled,1,64,,,
day,1,64,,,
appeal,1,64,,,
beyond,1,64,,,
adjacent,1,64,,,
southern,1,64,,,
hiking,1,64,,,
low,1,64,,,
dream,1,64,,,
recently,1,63,,,
santa,1,63,,,
access to,2,383,,,
a private,2,357,,,
primary suite,2,322,yes,interior_feature,Initial Week 1 taxonomy review
floor plan,2,309,yes,interior_feature,Initial Week 1 taxonomy review
living room,2,309,yes,interior_feature,Initial Week 1 taxonomy review
natural light,2,285,yes,interior_feature,Initial Week 1 taxonomy review
living space,2,267,yes,interior_feature,Initial Week 1 taxonomy review
living and,2,253,,,
the kitchen,2,252,,,
the living,2,210,,,
a home,2,207,,,
throughout the,2,200,,,
dining and,2,184,,,
the spacious,2,181,,,
designed for,2,179,,,
conveniently located,2,178,yes,location,Initial Week 1 taxonomy review
everyday living,2,172,,,
located in,2,171,,,
stainless steel,2,170,,,
bedrooms and,2,170,,,
shopping dining,2,169,,,
dining area,2,166,yes,interior_feature,Initial Week 1 taxonomy review
comfort and,2,164,,,
square feet,2,162,,,
home office,2,156,yes,interior_feature,Initial Week 1 taxonomy review
and entertaining,2,156,,,
minutes from,2,154,yes,location,Approved from extracted candidates
heart of,2,154,,,
for entertaining,2,153,,,
offers the,2,151,,,
room with,2,150,,,
just minutes,2,150,yes,location,Approved from extracted candidates
the heart,2,150,,,
enjoy the,2,149,,,
located near,2,149,yes,location,Approved from extracted candidates
steel appliances,2,147,,,
this beautifully,2,140,,,
including a,2,140,,,
home features,2,138,,,
room and,2,136,,,
and dining,2,135,,,
laundry room,2,134,yes,interior_feature,Initial Week 1 taxonomy review
creating a,2,132,,,
family room,2,131,yes,interior_feature,Initial Week 1 taxonomy review
to enjoy,2,129,,,
the backyard,2,129,,,
easy access,2,126,yes,location,Initial Week 1 taxonomy review
pool and,2,126,,,
space and,2,125,,,
rare opportunity,2,124,,,
thoughtfully designed,2,122,,,
privacy and,2,122,,,
complete with,2,121,,,
close to,2,120,yes,location,Approved from extracted candidates
blend of,2,118,,,
area and,2,115,,,
home with,2,114,,,
recessed lighting,2,113,yes,interior_feature,Initial Week 1 taxonomy review
property offers,2,113,,,
attached garage,2,112,yes,exterior_feature,Initial Week 1 taxonomy review
featuring a,2,112,,,
includes a,2,111,,,
home in,2,110,,,
include a,2,110,,,
entertaining the,2,110,,,
living area,2,109,,,
kitchen is,2,108,,,
a new,2,108,,,
granite countertops,2,107,yes,interior_feature,Initial Week 1 taxonomy review
kitchen with,2,107,,,
light and,2,107,,,
a cozy,2,106,,,
quartz countertops,2,105,yes,interior_feature,Initial Week 1 taxonomy review
an exceptional,2,105,,,
kitchen features,2,104,,,
a peaceful,2,104,,,
and inviting,2,103,,,
create a,2,102,,,
living spaces,2,101,,,
whether you,2,100,,,
room to,2,100,,,
along with,2,99,,,
closet and,2,99,,,
a quiet,2,99,,,
a beautifully,2,96,,,
property is,2,95,,,
step outside,2,95,,,
for guests,2,94,,,
with natural,2,94,,,
a dedicated,2,93,,,
this exceptional,2,93,,,
a bright,2,92,,,
the expansive,2,92,,,
offers an,2,92,,,
beautifully maintained,2,91,yes,condition,Approved from extracted candidates
ideally located,2,91,yes,location,Approved from extracted candidates
living areas,2,90,,,
kitchen and,2,90,,,
los angeles,2,90,,,
appliances and,2,89,,,
combination of,2,89,,,
a full,2,88,,,
a separate,2,87,,,
situated on,2,87,,,
feet of,2,87,,,
cabinetry and,2,86,,,
dining room,2,86,yes,interior_feature,Initial Week 1 taxonomy review
spacious primary,2,86,,,
of living,2,86,,,
views of,2,86,,,
highlights include,2,86,,,
home has,2,86,,,
direct access,2,85,yes,location,Approved from extracted candidates
within the,2,85,,,
most desirable,2,85,,,
the highly,2,85,,,
an expansive,2,85,,,
an open,2,84,,,
room for,2,84,,,
open floor,2,84,,,
additional bedrooms,2,84,,,
flexibility for,2,84,,,
looking for,2,84,,,
opens to,2,84,,,
and spa,2,83,,,
a true,2,83,,,
ceilings and,2,82,,,
garage with,2,82,,,
garage and,2,82,,,
an oversized,2,82,,,
residence offers,2,82,,,
abundant natural,2,81,,,
amenities including,2,81,,,
fireplace and,2,81,,,
do miss,2,81,,,
sq ft,2,80,,,
built in,2,80,,,
full bathroom,2,80,yes,interior_feature,Approved from extracted candidates
outside to,2,80,,,
and outdoor,2,79,,,
for everyday,2,79,,,
opportunity for,2,79,,,
office or,2,79,,,
convenience and,2,78,,,
and convenience,2,78,,,
spacious living,2,78,,,
the community,2,78,,,
generously sized,2,78,,,
a generous,2,78,,,
an inviting,2,78,,,
main level,2,77,,,
primary bedroom,2,77,yes,interior_feature,Approved from extracted candidates
comfortable living,2,77,,,
bright and,2,77,,,
shopping and,2,77,,,
ready for,2,77,,,
additional highlights,2,77,,,
setting for,2,77,,,
space with,2,76,,,
suite offers,2,76,,,
views and,2,76,,,
community of,2,75,,,
for relaxing,2,75,,,
the dining,2,75,,,
covered patio,2,75,yes,exterior_feature,Initial Week 1 taxonomy review
mountain views,2,75,yes,view,Initial Week 1 taxonomy review
a convenient,2,74,,,
bedroom and,2,74,,,
perfect blend,2,74,,,
soaking tub,2,74,yes,interior_feature,Approved from extracted candidates
beautifully updated,2,74,yes,condition,Approved from extracted candidates
and everyday,2,74,,,
surrounded by,2,73,,,
a garage,2,73,,,
great room,2,72,yes,interior_feature,Approved from extracted candidates
of room,2,72,,,
living in,2,72,,,
or simply,2,72,,,
approximately square,2,72,,,
own private,2,72,,,
soaring ceilings,2,71,yes,interior_feature,Approved from extracted candidates
fitness center,2,71,yes,amenity,Approved from extracted candidates
of space,2,71,,,
step inside,2,71,,,
a warm,2,70,,,
private balcony,2,69,yes,exterior_feature,Approved from extracted candidates
parking and,2,69,,,
flooring and,2,69,,,
windows and,2,69,,,
countertops and,2,69,,,
bathroom with,2,68,,,
of comfort,2,68,,,
a wonderful,2,68,,,
convenient access,2,68,yes,location,Approved from extracted candidates
highly desirable,2,68,,,
flooring throughout,2,68,,,
center island,2,67,yes,interior_feature,Approved from extracted candidates
and bathrooms,2,67,,,
a versatile,2,67,,,
the private,2,67,,,
guests or,2,67,,,
vaulted ceilings,2,67,yes,interior_feature,Approved from extracted candidates
outdoor living,2,67,yes,exterior_feature,Approved from extracted candidates
bonus room,2,67,yes,interior_feature,Approved from extracted candidates
the best,2,66,,,
lighting and,2,66,,,
bathrooms and,2,66,,,
main living,2,66,,,
storage and,2,65,,,
best of,2,65,,,
and living,2,65,,,
bedrooms bathrooms,2,65,,,
cozy fireplace,2,64,,,
the front,2,64,,,
and full,2,64,,,
an attached,2,64,,,
two additional,2,64,,,
your private,2,64,,,
bath with,2,64,,,
place to,2,64,,,
a pool,2,63,,,
the space,2,63,,,
making it,2,63,,,
outdoor space,2,63,yes,exterior_feature,Approved from extracted candidates
located just,2,63,,,
pool spa,2,62,,,
upstairs the,2,62,,,
private retreat,2,62,,,
living the,2,62,,,
plus a,2,61,,,
gated community,2,61,yes,amenity,Initial Week 1 taxonomy review
to make,2,61,,,
morning coffee,2,61,,,
a fireplace,2,61,,,
a beautiful,2,61,,,
car garage,2,61,yes,exterior_feature,Approved from extracted candidates
shower and,2,61,,,
offering a,2,60,,,
updated kitchen,2,60,yes,interior_feature,Approved from extracted candidates
hardwood floors,2,60,yes,interior_feature,Initial Week 1 taxonomy review
dual vanities,2,60,,,
an additional,2,60,,,
a covered,2,59,,,
the second,2,59,,,
golf course,2,59,yes,amenity,Approved from extracted candidates
a short,2,59,,,
fresh interior,2,59,,,
southern california,2,59,,,
and two,2,59,,,
miss this,2,59,,,
to create,2,59,,,
a custom,2,59,,,
and major,2,58,,,
filled with,2,58,,,
custom cabinetry,2,58,yes,interior_feature,Approved from extracted candidates
the garage,2,58,,,
and modern,2,58,,,
tile flooring,2,58,yes,interior_feature,Approved from extracted candidates
family and,2,57,,,
inside to,2,57,,,
suite with,2,57,,,
both everyday,2,57,,,
enjoying the,2,57,,,
or entertaining,2,57,,,
a sparkling,2,56,,,
with easy,2,56,,,
equipped with,2,56,,,
bathroom and,2,56,,,
space to,2,56,,,
enjoy a,2,56,,,
a detached,2,56,,,
an ideal,2,55,,,
sparkling pool,2,55,yes,amenity,Approved from extracted candidates
inside the,2,55,,,
washer and,2,55,,,
the open,2,55,,,
sliding glass,2,55,,,
features include,2,55,,,
warm and,2,55,,,
a charming,2,55,,,
located within,2,54,,,
for family,2,54,,,
make it,2,54,,,
formal dining,2,54,,,
detached garage,2,54,yes,exterior_feature,Approved from extracted candidates
retreat with,2,54,,,
space the,2,53,,,
and dryer,2,53,,,
gourmet kitchen,2,53,yes,interior_feature,Approved from extracted candidates
with dual,2,53,,,
creating an,2,53,,,
a great,2,52,,,
a closet,2,52,,,
spacious bedrooms,2,52,yes,interior_feature,Approved from extracted candidates
to offer,2,52,,,
rental income,2,52,yes,financial,Approved from extracted candidates
moments from,2,51,,,
dining areas,2,51,,,
walking distance,2,51,yes,location,Approved from extracted candidates
a desirable,2,51,,,
palm springs,2,51,,,
school district,2,51,yes,location,Approved from extracted candidates
finishes and,2,51,,,
and convenient,2,51,,,
restaurants and,2,51,,,
a stunning,2,51,,,
beautifully remodeled,2,51,yes,condition,Approved from extracted candidates
located on,2,51,,,
living with,2,51,,,
with new,2,50,,,
this residence,2,50,,,
for outdoor,2,50,,,
to shopping,2,50,,,
sense of,2,50,,,
residents enjoy,2,50,,,
home the,2,50,,,
entertaining or,2,50,,,
is designed,2,50,,,
parks and,2,50,,,
as well,2,50,,,
approximately sq,2,49,,,
overlooking the,2,49,,,
tub and,2,49,,,
new flooring,2,49,yes,condition,Approved from extracted candidates
and ample,2,49,,,
an impressive,2,49,,,
the city,2,49,,,
landscaping and,2,49,,,
the desirable,2,49,,,
and kitchen,2,49,,,
the residence,2,49,,,
trees and,2,49,,,
area with,2,49,,,
interior paint,2,49,,,
entertaining and,2,48,,,
bedroom with,2,48,,,
private backyard,2,48,yes,exterior_feature,Approved from extracted candidates
a truly,2,48,,,
tucked away,2,48,,,
is also,2,48,,,
buyer to,2,47,,,
glass doors,2,47,yes,interior_feature,Approved from extracted candidates
outside the,2,47,,,
high ceilings,2,47,yes,interior_feature,Approved from extracted candidates
relaxing or,2,47,,,
the moment,2,47,,,
near shopping,2,47,yes,location,Approved from extracted candidates
set on,2,47,,,
remodeled kitchen,2,47,yes,interior_feature,Approved from extracted candidates
spaces and,2,47,,,
ceiling fans,2,47,yes,interior_feature,Approved from extracted candidates
complemented by,2,46,,,
is ready,2,46,,,
room is,2,46,,,
walk in,2,46,,,
a newer,2,46,,,
this beautiful,2,46,,,
brand new,2,46,yes,condition,Approved from extracted candidates
the first,2,45,,,
full bath,2,45,,,
for added,2,45,,,
ocean views,2,45,yes,view,Initial Week 1 taxonomy review
san diego,2,45,,,
schools and,2,45,,,
a seamless,2,45,,,
breakfast bar,2,45,,,
indoor laundry,2,45,yes,interior_feature,Approved from extracted candidates
suite is,2,45,,,
tennis courts,2,44,yes,amenity,Initial Week 1 taxonomy review
creating the,2,44,,,
flows seamlessly,2,44,,,
away from,2,44,,,
island with,2,44,,,
moment you,2,44,,,
full bathrooms,2,44,yes,interior_feature,Approved from extracted candidates
dual sinks,2,44,,,
multigenerational living,2,44,,,
backyard is,2,44,,,
chef kitchen,2,44,yes,interior_feature,Approved from extracted candidates
and abundant,2,43,,,
and plenty,2,43,,,
with modern,2,43,,,
a fully,2,43,,,
fruit trees,2,43,,,
make this,2,43,,,
seamlessly into,2,43,,,
bath and,2,43,,,
or additional,2,43,,,
style and,2,43,,,
well as,2,43,,,
light the,2,42,,,
and entertainment,2,42,,,
areas and,2,42,,,
a serene,2,42,,,
water heater,2,42,,,
lot this,2,42,,,
beautifully appointed,2,42,,,
the opportunity,2,42,,,
mature landscaping,2,42,yes,exterior_feature,Approved from extracted candidates
french doors,2,42,yes,interior_feature,Approved from extracted candidates
solar panels,2,42,yes,exterior_feature,Initial Week 1 taxonomy review
private patio,2,42,yes,exterior_feature,Approved from extracted candidates
home offering,2,42,,,
find a,2,42,,,
countertops a,2,42,,,
and exterior,2,41,,,
to verify,2,41,,,
and enjoy,2,41,,,
is located,2,41,,,
to relax,2,41,,,
creates a,2,41,,,
end of,2,41,,,
bedrooms are,2,41,,,
just moments,2,41,,,
the beach,2,41,,,
this home offers,3,150,,,
in one of,3,149,,,
the heart of,3,148,,,
stainless steel appliances,3,147,yes,interior_feature,Initial Week 1 taxonomy review
access to the,3,138,,,
one of the,3,131,,,
welcome to this,3,121,,,
of the home,3,121,,,
opportunity to own,3,119,,,
easy access to,3,114,,,
just minutes from,3,114,,,
everyday living and,3,113,,,
living and entertaining,3,106,,,
a home office,3,105,,,
the living room,3,104,,,
a rare opportunity,3,101,,,
conveniently located near,3,100,,,
the primary suite,3,98,,,
offers the perfect,3,94,,,
with natural light,3,92,,,
rare opportunity to,3,92,,,
in the heart,3,89,,,
shopping dining and,3,84,,,
square feet of,3,84,,,
natural light and,3,83,,,
located in the,3,82,,,
this home is,3,82,,,
open floor plan,3,80,yes,interior_feature,Initial Week 1 taxonomy review
abundant natural light,3,78,,,
pool and spa,3,77,yes,amenity,Approved from extracted candidates
additional highlights include,3,76,,,
step outside to,3,75,,,
perfect blend of,3,74,,,
living and dining,3,73,,,
for everyday living,3,71,,,
primary suite offers,3,70,,,
views of the,3,69,,,
the perfect blend,3,69,,,
plenty of room,3,68,,,
home offers the,3,68,,,
approximately square feet,3,67,,,
complete with a,3,66,,,
convenient access to,3,66,,,
spacious primary suite,3,65,,,
of living space,3,65,,,
the home is,3,65,,,
direct access to,3,65,,,
the home features,3,64,,,
the main level,3,64,,,
throughout the home,3,61,,,
the main living,3,61,,,
heart of the,3,59,,,
and entertaining the,3,57,,,
in the highly,3,57,,,
for both everyday,3,57,,,
situated on a,3,56,,,
and a spacious,3,55,,,
step inside to,3,54,,,
home features a,3,54,,,
the spacious primary,3,53,,,
washer and dryer,3,53,,,
to this beautifully,3,51,,,
amenities including a,3,51,,,
designed for both,3,51,,,
this property offers,3,51,,,
a cozy fireplace,3,50,,,
an attached garage,3,50,,,
home office or,3,50,,,
home offers a,3,49,,,
both everyday living,3,49,,,
and dining areas,3,48,,,
with easy access,3,48,,,
for a home,3,48,,,
suite offers a,3,48,,,
offers a rare,3,48,,,
to enjoy the,3,47,,,
dining area and,3,46,,,
living room and,3,46,,,
is a rare,3,46,,,
has to offer,3,46,,,
opens to a,3,46,,,
two additional bedrooms,3,46,,,
spacious living room,3,46,,,
the kitchen is,3,45,,,
to a private,3,45,,,
looking for a,3,45,,,
living room with,3,45,,,
bedrooms and bathrooms,3,44,,,
the best of,3,44,,,
the moment you,3,44,,,
the dining area,3,44,,,
located near shopping,3,44,,,
a warm and,3,44,,,
plenty of space,3,44,,,
and a private,3,44,,,
steel appliances and,3,44,,,
and plenty of,3,43,,,
a sparkling pool,3,43,,,
this beautifully maintained,3,42,,,
blend of comfort,3,42,,,
as well as,3,42,,,
primary suite is,3,42,,,
natural light the,3,41,,,
the primary bedroom,3,41,,,
a bright and,3,41,,,
primary suite with,3,41,,,
the home with,3,40,,,
formal dining room,3,40,yes,interior_feature,Approved from extracted candidates
and a large,3,40,,,
the spacious living,3,40,,,
peace of mind,3,40,,,
for relaxing or,3,39,,,
from the moment,3,39,,,
the opportunity to,3,39,,,
in the desirable,3,39,,,
floor plan with,3,38,,,
is a true,3,38,,,
comfort and convenience,3,37,,,
the kitchen features,3,37,,,
with plenty of,3,37,,,
seamlessly into the,3,37,,,
closet and a,3,37,,,
do miss this,3,37,,,
opportunity to enjoy,3,37,,,
is designed for,3,37,,,
on a quiet,3,37,,,
s most desirable,3,37,,,
buyer to verify,3,36,,,
family and friends,3,36,,,
filled with natural,3,36,,,
a private retreat,3,36,,,
is perfect for,3,36,,,
fresh interior paint,3,36,,,
within walking distance,3,35,,,
and stainless steel,3,35,,,
to the backyard,3,35,,,
of room to,3,35,,,
relaxing or entertaining,3,35,,,
your own private,3,35,,,
interior and exterior,3,34,,,
living space with,3,34,,,
of room for,3,34,,,
just moments from,3,34,,,
on an expansive,3,34,,,
on the main,3,34,,,
feet of living,3,34,,,
home is a,3,33,,,
don t miss,3,33,,,
comfort convenience and,3,33,,,
sliding glass doors,3,33,,,
minutes from the,3,33,,,
the end of,3,33,,,
room with a,3,33,,,
has been thoughtfully,3,33,,,
the highly desirable,3,33,,,
the perfect setting,3,33,,,
primary suite features,3,33,,,
of natural light,3,33,,,
located in a,3,32,,,
the first floor,3,32,,,
recessed lighting and,3,32,,,
creating the perfect,3,32,,,
flows seamlessly into,3,32,,,
a covered patio,3,32,,,
appliances and a,3,32,,,
perfect setting for,3,32,,,
home in the,3,32,,,
a wonderful opportunity,3,32,,,
along with a,3,31,,,
ideal for a,3,31,,,
to shopping dining,3,31,,,
additional features include,3,31,,,
at the end,3,31,,,
just a short,3,31,,,
of space for,3,31,,,
home has been,3,31,,,
an exceptional opportunity,3,31,,,
bedrooms bathrooms and,3,31,,,
of the property,3,31,,,
the family room,3,31,,,
the kitchen and,3,30,,,
located within the,3,30,,,
guests or a,3,30,,,
bedroom and full,3,30,,,
the home the,3,30,,,
property offers a,3,30,,,
or a home,3,30,,,
perfect for relaxing,3,30,,,
ideally located near,3,30,,,
its own private,3,30,,,
with direct access,3,29,,,
this property is,3,29,,,
functional floor plan,3,29,,,
a soaking tub,3,29,,,
and a separate,3,29,,,
an abundance of,3,29,,,
suite is a,3,29,,,
main living areas,3,29,,,
bedrooms and a,3,29,,,
near shopping dining,3,29,,,
kitchen is a,3,28,,,
a private balcony,3,28,,,
is ideal for,3,28,,,
the living space,3,28,,,
for morning coffee,3,28,,,
indoor and outdoor,3,28,,,
large center island,3,28,,,
perfect for a,3,28,,,
access to a,3,28,,,
located just minutes,3,28,,,
highlights include a,3,28,,,
a detached garage,3,28,,,
just minutes away,3,28,,,
this beautifully updated,3,28,,,
most desirable neighborhoods,3,28,,,
home offers an,3,28,,,
with a spacious,3,28,,,
living space on,3,28,,,
and dining area,3,27,,,
a closet and,3,27,,,
the property is,3,27,,,
is equipped with,3,27,,,
to make it,3,27,,,
generously sized bedrooms,3,27,,,
morning coffee or,3,27,,,
a large center,3,27,,,
outside to your,3,27,,,
warm and inviting,3,27,,,
ideal for guests,3,27,,,
thoughtfully designed living,3,27,,,
the backyard is,3,27,,,
the home also,3,27,,,
the home has,3,27,,,
this home has,3,27,,,
an open floor,3,26,,,
and direct access,3,26,,,
for guests or,3,26,,,
and exterior paint,3,26,,,
space and a,3,26,,,
features a spacious,3,26,,,
for family guests,3,26,,,
and full bathroom,3,26,,,
suite features a,3,26,,,
the floor plan,3,26,,,
for entertaining or,3,26,,,
guests a home,3,26,,,
wonderful opportunity to,3,26,,,
the property offers,3,26,,,
and abundant natural,3,25,,,
living room features,3,25,,,
in the living,3,25,,,
in a desirable,3,25,,,
comfortable living space,3,25,,,
garage and a,3,25,,,
the home offers,3,25,,,
is ready for,3,25,,,
with a large,3,25,,,
into the dining,3,25,,,
offers plenty of,3,25,,,
opportunity to make,3,25,,,
vaulted ceilings and,3,25,,,
vinyl plank flooring,3,25,yes,interior_feature,Approved from extracted candidates
family room with,3,25,,,
ideally located just,3,25,,,
designed living space,3,25,,,
granite countertops and,3,25,,,
home located in,3,25,,,
perfect for entertaining,3,25,,,
floor plan offers,3,25,,,
it ideal for,3,25,,,
opens to the,3,25,,,
and access to,3,24,,,
a new roof,3,24,,,
you ll find,3,24,,,
with dual vanities,3,24,,,
whether you looking,3,24,,,
additional living space,3,24,,,
comfort style and,3,24,,,
soaking tub and,3,24,,,
family guests or,3,24,,,
luxurious primary suite,3,24,yes,interior_feature,Approved from extracted candidates
quartz countertops and,3,24,,,
bright and inviting,3,24,,,
a short drive,3,24,,,
you looking for,3,24,,,
schedule your private,3,24,,,
the living area,3,24,,,
dining and living,3,24,,,
enjoy access to,3,24,,,
the kind of,3,24,,,
miss this opportunity,3,24,,,
a variety of,3,24,,,
soaring ceilings and,3,23,,,
the and freeways,3,23,,,
a full bathroom,3,23,,,
bathrooms have been,3,23,,,
a spacious primary,3,23,,,
whether you re,3,23,,,
this exceptional home,3,23,,,
living at its,3,23,,,
and a full,3,23,,,
creating a warm,3,23,,,
rare combination of,3,23,,,
a generously sized,3,23,,,
of los angeles,3,23,,,
the updated kitchen,3,23,,,
also features a,3,23,,,
home with natural,3,23,,,
walls of glass,3,23,,,
room and a,3,23,,,
and everyday conveniences,3,23,,,
making it ideal,3,23,,,
located on the,3,23,,,
appliances including a,3,23,,,
room features a,3,22,,,
attached garage with,3,22,,,
sq ft of,3,22,,,
living space the,3,22,,,
with granite countertops,3,22,,,
the main residence,3,22,,,
is conveniently located,3,22,,,
dedicated laundry room,3,22,yes,interior_feature,Approved from extracted candidates
outside to a,3,22,,,
walk in closet,3,22,yes,interior_feature,Approved from extracted candidates
the gourmet kitchen,3,22,,,
and outdoor living,3,22,,,
a peaceful retreat,3,22,,,
laundry room and,3,22,,,
at the heart,3,22,,,
a bright open,3,22,,,
fresh interior and,3,22,,,
flooring throughout the,3,22,,,
a dedicated laundry,3,22,,,
the property also,3,22,,,
also includes a,3,22,,,
a place to,3,22,,,
this beautiful home,3,22,,,
beautifully updated home,3,22,,,
you find a,3,22,,,
this home features,3,22,,,
living spaces and,3,22,,,
a pool and,3,21,,,
upstairs the primary,3,21,,,
complemented by a,3,21,,,
close to shopping,3,21,yes,location,Approved from extracted candidates
and enjoy the,3,21,,,
make it your,3,21,,,
area and a,3,21,,,
offers an exceptional,3,21,,,
and inviting atmosphere,3,21,,,
additional upgrades include,3,21,,,
countertops and a,3,21,,,
bathrooms and a,3,21,,,
sliding glass door,3,21,,,
mature landscaping and,3,21,,,
abundance of natural,3,21,,,
to call home,3,21,,,
cabinetry and a,3,21,,,
with convenient access,3,21,,,
the convenience of,3,21,,,
for its next,3,21,,,
quartz countertops a,3,21,,,
provides plenty of,3,21,,,
a home that,3,21,,,
walking distance to,3,21,,,
to the kitchen,3,21,,,
laundry room with,3,21,,,
home in a,3,20,,,
ceilings and a,3,20,,,
bathroom with a,3,20,,,
flexibility for guests,3,20,,,
attached garage and,3,20,,,
for added convenience,3,20,,,
located in one,3,20,,,
the second floor,3,20,,,
kitchen is equipped,3,20,,,
living room is,3,20,,,
floor plan features,3,20,,,
of san diego,3,20,,,
perfect combination of,3,20,,,
to this beautiful,3,20,,,
feels like a,3,20,,,
spacious family room,3,20,,,
in natural light,3,20,,,
miss the opportunity,3,20,,,
home with a,3,20,,,
and convenient access,3,20,,,
shopping dining schools,3,20,,,
this exceptional property,3,20,,,
gated community of,3,20,,,
residence offers a,3,20,,,
mature fruit trees,3,20,,,
of thoughtfully designed,3,20,,,
living dining and,3,20,,,
features a large,3,20,,,
to create a,3,20,,,
flexibility for family,3,20,,,
access to shopping,3,20,yes,location,Approved from extracted candidates
t miss this,3,20,,,
countertops stainless steel,3,20,,,
a highly desirable,3,20,,,
a fitness center,3,20,,,
space for entertaining,3,20,,,
light and a,3,20,,,
your private showing,3,20,,,
end of a,3,20,,,
bedrooms and two,3,20,,,
located near the,3,20,,,
approximately sq of,3,20,,,
amenities include a,3,20,,,
seamlessly to the,3,20,,,
retreat with a,3,20,,,
views and a,3,20,,,
shopping dining parks,3,20,,,
moments from the,3,19,,,
the living and,3,19,,,
offers approximately sq,3,19,,,
of comfortable living,3,19,,,
space ideal for,3,19,,,
lighting and a,3,19,,,
living in this,3,19,,,
square feet this,3,19,,,
the perfect combination,3,19,,,
combination of comfort,3,19,,,
high ceilings and,3,19,,,
the luxurious primary,3,19,,,
at its finest,3,19,,,
spacious bedrooms and,3,19,,,
moment you arrive,3,19,,,
features include a,3,19,,,
a rare combination,3,19,,,
luxury vinyl plank,3,19,,,
shopping and dining,3,19,yes,location,Approved from extracted candidates
the perfect balance,3,19,,,
perfect balance of,3,19,,,
tucked away on,3,19,,,
tankless water heater,3,19,,,
dining shopping and,3,19,,,
unified school district,3,19,yes,location,Approved from extracted candidates
formal living room,3,19,,,
private primary suite,3,19,,,
is filled with,3,19,,,
this inviting home,3,19,,,
pools and spas,3,19,,,
indoor laundry room,3,19,,,
welcome home to,3,19,,,
three additional bedrooms,3,19,,,
pride of ownership,3,19,,,
is a private,3,19,,,
place to call,3,19,,,
the remodeled kitchen,3,19,,,
the home s,3,19,,,
just steps from,3,19,,,
private showing today,3,19,,,
cabinetry quartz countertops,3,19,,,
cozy fireplace and,3,19,,,
for multigenerational living,3,19,,,
in a highly,3,19,,,
bedrooms and full,3,19,,,
and a cozy,3,19,,,
for entertaining the,3,19,,,
shower and a,3,19,,,
an excellent opportunity,3,19,,,
inviting living room,3,18,,,
community amenities including,3,18,,,
sq ft lot,3,18,,,
a pool spa,3,18,,,
pool spa and,3,18,,,
and a convenient,3,18,,,
in a quiet,3,18,,,
spacious floor plan,3,18,,,
designed floor plan,3,18,,,
floor plan includes,3,18,,,
bathroom with dual,3,18,,,
end of the,3,18,,,
soaring vaulted ceilings,3,18,,,
and an attached,3,18,,,
the city of,3,18,,,
the kitchen has,3,18,,,
or additional living,3,18,,,
laundry room adds,3,18,,,
the attached garage,3,18,,,
for extended family,3,18,,,
on a generous,3,18,,,
square foot lot,3,18,,,
living in one,3,18,,,
the upper level,3,18,,,
a beautifully appointed,3,18,,,
away on a,3,18,,,
exceptional opportunity to,3,18,,,
central heating and,3,18,,,
condominium,1,0,yes,property_type,Manual domain addition
townhouse,1,0,yes,property_type,Manual domain addition
townhome,1,0,yes,property_type,Manual domain addition
single family home,3,0,yes,property_type,Manual domain addition
single family residence,3,0,yes,property_type,Manual domain addition
duplex,1,0,yes,property_type,Manual domain addition
triplex,1,0,yes,property_type,Manual domain addition
fourplex,1,0,yes,property_type,Manual domain addition
bungalow,1,0,yes,property_type,Manual domain addition
cottage,1,0,yes,property_type,Manual domain addition
villa,1,0,yes,property_type,Manual domain addition
apartment,1,0,yes,property_type,Manual domain addition
manufactured home,2,0,yes,property_type,Manual domain addition
mobile home,2,0,yes,property_type,Manual domain addition
multi family home,3,0,yes,property_type,Manual domain addition
penthouse,1,0,yes,property_type,Manual domain addition
new roof,2,0,yes,exterior_feature,Manual domain addition
porch,1,0,yes,exterior_feature,Manual domain addition
fenced yard,2,0,yes,exterior_feature,Manual domain addition
front yard,2,0,yes,exterior_feature,Manual domain addition
side yard,2,0,yes,exterior_feature,Manual domain addition
carport,1,0,yes,exterior_feature,Manual domain addition
terrace,1,0,yes,exterior_feature,Manual domain addition
courtyard,1,0,yes,exterior_feature,Manual domain addition
community pool,2,0,yes,amenity,Manual domain addition
community spa,2,0,yes,amenity,Manual domain addition
pickleball courts,2,0,yes,amenity,Manual domain addition
playground,1,0,yes,amenity,Manual domain addition
elevator,1,0,yes,amenity,Manual domain addition
recreation room,2,0,yes,amenity,Manual domain addition
dog park,2,0,yes,amenity,Manual domain addition
walking trails,2,0,yes,amenity,Manual domain addition
bbq area,2,0,yes,amenity,Manual domain addition
community center,2,0,yes,amenity,Manual domain addition
concierge,1,0,yes,amenity,Manual domain addition
guard gate,2,0,yes,amenity,Manual domain addition
resort style pool,3,0,yes,amenity,Manual domain addition
sports court,2,0,yes,amenity,Manual domain addition
near the beach,3,0,yes,location,Manual domain addition
move in ready,3,0,yes,condition,Manual domain addition
recently renovated,2,0,yes,condition,Manual domain addition
recently remodeled,2,0,yes,condition,Manual domain addition
well maintained,2,0,yes,condition,Manual domain addition
freshly painted,2,0,yes,condition,Manual domain addition
city view,2,0,yes,view,Manual domain addition
city views,2,0,yes,view,Manual domain addition
water view,2,0,yes,view,Manual domain addition
water views,2,0,yes,view,Manual domain addition
golf course view,3,0,yes,view,Manual domain addition
pool view,2,0,yes,view,Manual domain addition
park view,2,0,yes,view,Manual domain addition
mountain view,2,0,yes,view,Manual domain addition
ocean view,2,0,yes,view,Manual domain addition
panoramic views,2,0,yes,view,Manual domain addition
low hoa,2,0,yes,financial,Manual domain addition
no hoa,2,0,yes,financial,Manual domain addition
hoa fees,2,0,yes,financial,Manual domain addition
price reduction,2,0,yes,financial,Manual domain addition
investment opportunity,2,0,yes,financial,Manual domain addition
rental property,2,0,yes,financial,Manual domain addition
income property,2,0,yes,financial,Manual domain addition
property taxes,2,0,yes,financial,Manual domain addition
monthly hoa,2,0,yes,financial,Manual domain addition
assumable loan,2,0,yes,financial,Manual domain addition
cash flow,2,0,yes,financial,Manual domain addition
lease income,2,0,yes,financial,Manual domain addition
seller financing,2,0,yes,financial,Manual domain addition
closing costs,2,0,yes,financial,Manual domain addition
price improvement,2,0,yes,financial,Manual domain addition
