L_ListingID,remarks,remarks_cleaned
1173229459,"Prime location! This property sits moments from the vibrant Valley Blvd corridor, surrounded by popular restaurants, local shops, major supermarkets, and essential services. Commuters will appreciate the easy access to public transportation, making this an ideal home for both convenience and lifestyle.","Prime location! This property sits moments from the vibrant Valley Blvd corridor, surrounded by popular restaurants, local shops, major supermarkets, and essential services. Commuters will appreciate the easy access to public transportation, making this an ideal home for both convenience and lifestyle."
1176115570,"Welcome to this beautifully maintained 2-bedroom, 2-bathroom condo featuring an open and airy floor plan with soaring two-story ceilings and abundant natural light. The inviting living room features a cozy fireplace, while the spacious kitchen boasts granite countertops, ample cabinetry, and plenty of counter space. The primary suite includes a private ensuite bathroom.
Thoughtful upgrades include cordless Roman shades in the living and dining areas, three motorized Roman shades along the entry stairway, cordless faux wood blinds in both bedrooms, updated luxury vinyl flooring in the living room, hallway, and dining area, custom closet organizers in both bedroom closets, and built-in upper laundry cabinets, maximizing storage and organization. Stay comfortable year-round with a recently installed A/C unit.
Enjoy resort-style community amenities, including a sparkling pool, fitness center, and outdoor BBQ area. Conveniently located within walking distance of Victoria Gardens, one of the Inland Empire's premier shopping, dining, and entertainment destinations, with easy access to the 15, 210, 10, and 60 freeways. This move-in-ready home combines style, comfort, and convenience.","Welcome to this beautifully maintained 2-bedroom, 2-bathroom condominium featuring an open and airy floor plan with soaring two-story ceilings and abundant natural light. The inviting living room features a cozy fireplace, while the spacious kitchen boasts granite countertops, ample cabinetry, and plenty of counter space. The primary suite includes a private ensuite bathroom. Thoughtful upgrades include cordless Roman shades in the living and dining areas, three motorized Roman shades along the entry stairway, cordless faux wood blinds in both bedrooms, updated luxury vinyl flooring in the living room, hallway, and dining area, custom closet organizers in both bedroom closets, and built-in upper laundry cabinets, maximizing storage and organization. Stay comfortable year-round with a recently installed air conditioning unit. Enjoy resort-style community amenities, including a sparkling pool, fitness center, and outdoor BBQ area. Conveniently located within walking distance of Victoria Gardens, one of the Inland Empire's premier shopping, dining, and entertainment destinations, with easy access to the 15, 210, 10, and 60 freeways. This move-in-ready home combines style, comfort, and convenience."
1189264520,"Welcome to 741 W Hill St, a renovated 3-bedroom, 2-bath two-story home on a corner lot in the South Wrigley neighborhood of Long Beach. 1,565 sq ft on a 4,200 sq ft lot, built in 1947. The layout is the first thing to notice. The primary suite has the entire upper floor to itself, with new slider windows installed in 2026, plus closet organizers. Two more bedrooms sit downstairs, including a second primary, along with a dedicated dining room. Renovated throughout in 2026. Light laminate flooring runs through the living areas and bedrooms, with new tile in the kitchen and up the stairway. Interior panel doors. Recessed can lighting. Interior and exterior painted. The kitchen is a large galley with upgraded cabinetry, granite counters, new hardware and faucet, newer stove and microwave (2026), and a refrigerator included. Then there is the part photos cannot show. The original cast iron main line was replaced in 2026. Two original furnaces were removed and a mini-split system installed in the living room for both air conditioning and heating in 2026. Two-car attached garage with direct access. The front yard was rebuilt this summer with new topsoil, mulch, and plantings. South Wrigley sits near downtown Long Beach with quick access to the 710 and the 405. Avila Park and the Wrigley Greenbelt are both nearby. This is one you won't want to miss!","Welcome to 741 W Hill St, a renovated 3-bedroom, 2-bath two-story home on a corner lot in the South Wrigley neighborhood of Long Beach. 1565 square feet on a 4200 square feet lot, built in 1947. The layout is the first thing to notice. The primary suite has the entire upper floor to itself, with new slider windows installed in 2026, plus closet organizers. Two more bedrooms sit downstairs, including a second primary, along with a dedicated dining room. Renovated throughout in 2026. Light laminate flooring runs through the living areas and bedrooms, with new tile in the kitchen and up the stairway. Interior panel doors. Recessed can lighting. Interior and exterior painted. The kitchen is a large galley with upgraded cabinetry, granite counters, new hardware and faucet, newer stove and microwave (2026), and a refrigerator included. Then there is the part photos cannot show. The original cast iron main line was replaced in 2026. Two original furnaces were removed and a mini-split system installed in the living room for both air conditioning and heating in 2026. Two-car attached garage with direct access. The front yard was rebuilt this summer with new topsoil, mulch, and plantings. South Wrigley sits near downtown Long Beach with quick access to the 710 and the 405. Avila Park and the Wrigley Greenbelt are both nearby. This is one you won't want to miss!"
1174585916,"Recently remodeled a modern, well-maintained home built in 2019, New painting, spacious living and open floor plan . The well designed layout provides generous living spaces , entertaining, and work-from-home flexibility. Enjoy community amenities, including a pool, spa, and BBQ area, all within a secured access community , close to Downtown Covina, shopping, dining, Azusa Pacific University, Citrus College, and major freeways, A great opportunity to own a home in a desirable Covina move-in ready . Must See!!","Recently remodeled a modern, well-maintained home built in 2019, New painting, spacious living and open floor plan . The well designed layout provides generous living spaces , entertaining, and work-from-home flexibility. Enjoy community amenities, including a pool, spa, and BBQ area, all within a secured access community , close to Downtown Covina, shopping, dining, Azusa Pacific University, Citrus College, and major freeways, A great opportunity to own a home in a desirable Covina move-in ready . Must See!"
1181593591,"The home features 6 bedrooms 2 bath all on a single level. Great opportunity to get this nicely updated home located close to the San Mateo bridge. It has ample parking both on the side and access to the back yard for additional car/RV parking. The kitchen is updated with island, stone counters and stainless steel appliances, tile floor. Both baths have also been updated with modern vanities, tile floor and tile enclosures.  Public records show 4BR but there are 6BR. Buyer to verify Permit Status.","The home features 6 bedrooms 2 bath all on a single level. Great opportunity to get this nicely updated home located close to the San Mateo bridge. It has ample parking both on the side and access to the back yard for additional car/RV parking. The kitchen is updated with island, stone counters and stainless steel appliances, tile floor. Both baths have also been updated with modern vanities, tile floor and tile enclosures. Public records show 4BR but there are 6BR. Buyer to verify Permit Status."
1183251188,"17780 Sweetgum Ln is a two-story Canyon Country home built around a pool and spa framed by a pergola-covered patio. Inside, the kitchen features wood cabinetry, granite tile counters, a tile backsplash, a center island, and stainless steel appliances. A two-story great room with soaring ceilings and a curved staircase anchors the main level, where a main-floor bedroom pairs with a full bathroom. Upstairs, the primary bedroom connects to a bathroom with a double vanity and a walk-in shower, complemented by a loft landing and additional bedrooms. Tile and carpet flooring run throughout, and a three-car attached garage completes this well-maintained residence with generous living space and standout outdoor amenities. Included 100-Day Home Warranty with buyer activation","17780 Sweetgum Ln is a two-story Canyon Country home built around a pool and spa framed by a pergola-covered patio. Inside, the kitchen features wood cabinetry, granite tile counters, a tile backsplash, a center island, and stainless steel appliances. A two-story great room with soaring ceilings and a curved staircase anchors the main level, where a main-floor bedroom pairs with a full bathroom. Upstairs, the primary bedroom connects to a bathroom with a double vanity and a walk-in shower, complemented by a loft landing and additional bedrooms. Tile and carpet flooring run throughout, and a three-car attached garage completes this well-maintained residence with generous living space and standout outdoor amenities. Included 100-Day Home Warranty with buyer activation"
1187657589,"Desirable east-facing townhome in Santa Claras Boulevard community! This thoughtfully designed 2-bedroom, 2.5-bath home offers approximately 1,435 sq ft of comfortable living space. The ground-floor bedroom with a full bath provides added privacy and flexibility for guests. The bright main level features an open living and dining area, hardwood flooring, a well-appointed kitchen with granite countertops, center island and stainless steel appliances, plus a private balcony for outdoor enjoyment. Upstairs, the spacious primary suite includes a walk-in closet and private bath. A separate loft offers valuable additional space, ideal for a home office, study area or flexible retreat. Attached 2-car garage and a convenient Santa Clara location close to shopping, dining, major commute routes and Silicon Valley employers.","Desirable east-facing townhome in Santa Claras Boulevard community! This thoughtfully designed 2-bedroom, 2.5-bath home offers approximately 1435 square feet of comfortable living space. The ground-floor bedroom with a full bath provides added privacy and flexibility for guests. The bright main level features an open living and dining area, hardwood flooring, a well-appointed kitchen with granite countertops, center island and stainless steel appliances, plus a private balcony for outdoor enjoyment. Upstairs, the spacious primary suite includes a walk-in closet and private bath. A separate loft offers valuable additional space, ideal for a home office, study area or flexible retreat. Attached 2-car garage and a convenient Santa Clara location close to shopping, dining, major commute routes and Silicon Valley employers."
1190838564,"Welcome to 2211 Ashland Avenue, a serene private retreat offering a zen, Palm Springs architectural experience. Located in a prime spot of Sunset Park, the 1432 square foot front house and 630 square foot garage flex-space have both been carefully updated, with all corners touched by inspired and considerate design. The main residence features 3 bedrooms and 2 bathrooms with an updated kitchen, expanded primary suite, new hardwood floors, custom built-ins and authentic shoji screens, thoughtful storage space, and distinctive and delightful touches that are yours to enjoy.  Substantial infrastructure improvements include a new roof, windows, doors, electrical systems, tankless water heaters, and a 21-panel owned solar system. The versatile garage flex space features custom Australian blue flagstone, polished concrete floors, a kitchenette, plus additional laundry and updated bath, offering flexible space for an art studio, workshop, living area, or parking. The entire lot has been completely re-soiled with organic soil, protected-habitat landscaping, fruiting passion fruit, herbal garden and strawberry trees, new hardscape, thermally treated wood decking, and a Japanese-inspired outdoor cedar ofuro. 2211 Ashland is an amazing home with no stone left unturned that feels both private and connected to the outdoors.  Come and enjoy the best of Santa Monica living.","Welcome to 2211 Ashland Avenue, a serene private retreat offering a zen, Palm Springs architectural experience. Located in a prime spot of Sunset Park, the 1432 square foot front house and 630 square foot garage flex-space have both been carefully updated, with all corners touched by inspired and considerate design. The main residence features 3 bedrooms and 2 bathrooms with an updated kitchen, expanded primary suite, new hardwood floors, custom built-ins and authentic shoji screens, thoughtful storage space, and distinctive and delightful touches that are yours to enjoy. Substantial infrastructure improvements include a new roof, windows, doors, electrical systems, tankless water heaters, and a 21-panel owned solar system. The versatile garage flex space features custom Australian blue flagstone, polished concrete floors, a kitchenette, plus additional laundry and updated bath, offering flexible space for an art studio, workshop, living area, or parking. The entire lot has been completely re-soiled with organic soil, protected-habitat landscaping, fruiting passion fruit, herbal garden and strawberry trees, new hardscape, thermally treated wood decking, and a Japanese-inspired outdoor cedar ofuro. 2211 Ashland is an amazing home with no stone left unturned that feels both private and connected to the outdoors. Come and enjoy the best of Santa Monica living."
1175553071,"Huge Price Reduction - Don't wait - come look today!  This is the PREMIER building within the Marina Point Complex with easy access and up front and center.   This unit features recessed lighting throughout, updated kitchen, new paint and carpet throughout - 2 full baths and in-unit laundry.   The home offers 1,286 sq ft of living space with a practical layout, with Dining area and Living Room leading to a private deck overlooking the neighborhood.  The kitchen features granite countertops, an electric oven range, refrigerator, dishwasher, garbage disposal, exhaust fan, and a trash compactor, providing ample functionality.  Enjoy the warmth of the gas-burning fireplaces. Laundry is conveniently located inside the utility room with washer and dryer included.  Bathrooms include one with a shower over the tub and another with a stall shower.  1 car deeded parking beneath building #7.  Large Parking Lot just outside building for additional parking and guests.  Residents have access to community amenities such as an in-ground lap pool and spa and club house - which is great for family gatherings.  The grounds have children play areas, Tennis Courts and RV/Boat Parking at no additional fee.  The property is part of the San Mateo-Foster City Elementary school district.","Huge Price Reduction - Don't wait - come look today! This is the PREMIER building within the Marina Point Complex with easy access and up front and center. This unit features recessed lighting throughout, updated kitchen, new paint and carpet throughout - 2 full baths and in-unit laundry. The home offers 1286 square feet of living space with a practical layout, with Dining area and Living Room leading to a private deck overlooking the neighborhood. The kitchen features granite countertops, an electric oven range, refrigerator, dishwasher, garbage disposal, exhaust fan, and a trash compactor, providing ample functionality. Enjoy the warmth of the gas-burning fireplaces. Laundry is conveniently located inside the utility room with washer and dryer included. Bathrooms include one with a shower over the tub and another with a stall shower. 1 car deeded parking beneath building #7. Large Parking Lot just outside building for additional parking and guests. Residents have access to community amenities such as an in-ground lap pool and spa and club house - which is great for family gatherings. The grounds have children play areas, Tennis Courts and RV/Boat Parking at no additional fee. The property is part of the San Mateo-Foster City Elementary school district."
1176795381,"The Cottonwood floor plan presents a thoughtfully designed single-story home that effortlessly combines functionality with style. Featuring three spacious bedrooms, this floorplan is ideal for both comfortable living and entertaining. The open layout enhances the sense of space, with the kitchen seamlessly flowing into the family and dining areas, creating a harmonious and inclusive environment. The kitchen boasts modern stainless-steel appliances and elegant plank flooring, offering both practicality and sophistication. A covered porch and patio extend the living space outdoors, perfect for relaxation or social gatherings. The master bathroom is a luxurious retreat, highlighted by a dual sink vanity and a sleek step-in shower. For added convenience, the secondary bathroom includes a versatile tub/shower combination. The dedicated laundry room further enhances the home's efficiency and convenience.","The Cottonwood floor plan presents a thoughtfully designed single-story home that effortlessly combines functionality with style. Featuring three spacious bedrooms, this floorplan is ideal for both comfortable living and entertaining. The open layout enhances the sense of space, with the kitchen seamlessly flowing into the family and dining areas, creating a harmonious and inclusive environment. The kitchen boasts modern stainless-steel appliances and elegant plank flooring, offering both practicality and sophistication. A covered porch and patio extend the living space outdoors, perfect for relaxation or social gatherings. The master bathroom is a luxurious retreat, highlighted by a dual sink vanity and a sleek step-in shower. For added convenience, the secondary bathroom includes a versatile tub/shower combination. The dedicated laundry room further enhances the home's efficiency and convenience."
1158824960,"This beautifully maintained 3-bedroom, 2.5-bath condo is located in one of the most desirable areas of Monterey Park. Enjoy unbeatable convenience with close proximity to Atlantic Square, supermarkets, dining, and shopping.The home offers excellent privacy with only one shared wall, creating a quiet and comfortable living environment. Featuring an open floor plan with soaring ceilings in the living room and primary suite, the space feels bright and airy. Natural light pours in through skylights above the staircase and in the primary bathroom. Upgraded include a A/C system and water heater. The first floor features hardwood flooring, while the second floor has been updated with new flooring. The kitchen is equipped with recessed lighting and a water purifier, and both the kitchen and bathrooms have been well maintained. A cozy private yard provides space for outdoor enjoyment, while the community offers a small park for residents to relax and unwind. Located within the highly regarded Monterey Highlands Elementary and Mark Keppel High School districts. With easy access to the 10 Freeway and Downtown Los Angeles, this move-in ready home is a fantastic opportunity. Don’t miss it!","This beautifully maintained 3-bedroom, 2.5-bath condominium is located in one of the most desirable areas of Monterey Park. Enjoy unbeatable convenience with close proximity to Atlantic Square, supermarkets, dining, and shopping.The home offers excellent privacy with only one shared wall, creating a quiet and comfortable living environment. Featuring an open floor plan with soaring ceilings in the living room and primary suite, the space feels bright and airy. Natural light pours in through skylights above the staircase and in the primary bathroom. Upgraded include a air conditioning system and water heater. The first floor features hardwood flooring, while the second floor has been updated with new flooring. The kitchen is equipped with recessed lighting and a water purifier, and both the kitchen and bathrooms have been well maintained. A cozy private yard provides space for outdoor enjoyment, while the community offers a small park for residents to relax and unwind. Located within the highly regarded Monterey Highlands Elementary and Mark Keppel High School districts. With easy access to the 10 Freeway and Downtown Los Angeles, this move-in ready home is a fantastic opportunity. Don't miss it!"
1189814410,"Enjoy ocean breezes and front patio ocean views!! Beautifully  refreshed & remodeled home in a quiet senior gated community where you own the land. Inside, you’ll find new flooring, finished remodeled room addition for 3rd bedroom potential/family room/office a fully remodeled bathroom, and a stylish kitchen with porcelain countertops, new sink and faucet, new stove, and recessed lighting. Fresh paint throughout the interior and exterior creates a crisp, move-in-ready feel, complemented by a cozy fireplace.   Step outside to a garden that truly delights — blooming fruit trees, vibrant plants, and peaceful spaces that make this yard unforgettable. Just 6 miles from the ocean, and minutes to shopping and medical facilities, this home blends comfort, convenience, and coastal charm. close to shopping, restaurants, charming move in condition.","Enjoy ocean breezes and front patio ocean views! Beautifully refreshed & remodeled home in a quiet senior gated community where you own the land. Inside, you'll find new flooring, finished remodeled room addition for 3rd bedroom potential/family room/office a fully remodeled bathroom, and a stylish kitchen with porcelain countertops, new sink and faucet, new stove, and recessed lighting. Fresh paint throughout the interior and exterior creates a crisp, move-in-ready feel, complemented by a cozy fireplace. Step outside to a garden that truly delights - blooming fruit trees, vibrant plants, and peaceful spaces that make this yard unforgettable. Just 6 miles from the ocean, and minutes to shopping and medical facilities, this home blends comfort, convenience, and coastal charm. close to shopping, restaurants, charming move in condition."
1108351330,"The Woods House, 2021, Woods + Dangaran.  From siting to floor plan to finishes, this residence is deeply connected to the desert environment and its context in the hills above Palm Springs. Surrounded by boulders and spanning a natural arroyo, the home is lifted above existing site features, yet still retains a powerful connection to the earth. The architecture emphasizing horizontal lines, natural materials, and visual and physical linkages between indoors and out celebrates and elevates the tenets of desert modernism. Exterior walls of earth-toned plaster and textured concrete masonry units tie the slab-on-grade structure to the site. Deep roof overhangs are wrapped in brass paneling. Strategically-placed floor-to-ceiling glazing frames stunning views of the desert in all directions. A glass-enclosed bridge connects two wings of the home and creates a central atrium that can be viewed from nearly every room. Large sliding glass doors run the length of the great room and provide an uninterrupted transition to an outdoor dining area, deck, pool, spa, fireplace, and lounge. Lot 2 APN 504-390-002 to be included in sale.  Renderings for the second parcel by Woods + Dangaran available by request.","The Woods House, 2021, Woods + Dangaran. From siting to floor plan to finishes, this residence is deeply connected to the desert environment and its context in the hills above Palm Springs. Surrounded by boulders and spanning a natural arroyo, the home is lifted above existing site features, yet still retains a powerful connection to the earth. The architecture emphasizing horizontal lines, natural materials, and visual and physical linkages between indoors and out celebrates and elevates the tenets of desert modernism. Exterior walls of earth-toned plaster and textured concrete masonry units tie the slab-on-grade structure to the site. Deep roof overhangs are wrapped in brass paneling. Strategically-placed floor-to-ceiling glazing frames stunning views of the desert in all directions. A glass-enclosed bridge connects two wings of the home and creates a central atrium that can be viewed from nearly every room. Large sliding glass doors run the length of the great room and provide an uninterrupted transition to an outdoor dining area, deck, pool, spa, fireplace, and lounge. Lot 2 APN 504-390-002 to be included in sale. Renderings for the second parcel by Woods + Dangaran available by request."
1177736641,"3-bedroom, 2-bath manufactured home, perfectly situated on an oversized lot just minutes from the quaint town of Lower Lake. Offering a spacious, open-concept floor plan and endless outdoor possibilities, this property is ready for you to make it your own.

Step inside to a bright and welcoming living area that flows effortlessly into the kitchen, creating the perfect space for gathering with family and friends. The kitchen features warm wood cabinetry, a built-in island, and abundant natural light.

The thoughtfully designed floor plan includes three generously sized bedrooms, highlighted by a spacious primary suite with an oversized private bath. A second full bathroom provides comfort and convenience for family and guests alike.

The large laundry room offers built-in shelving for extra storage and direct access to the backyard. Outside, the expansive lot is a blank canvas with plenty of room for a garden, outdoor entertaining, pets, play space, or future improvements—the possibilities are endless.","3-bedroom, 2-bath manufactured home, perfectly situated on an oversized lot just minutes from the quaint town of Lower Lake. Offering a spacious, open-concept floor plan and endless outdoor possibilities, this property is ready for you to make it your own. Step inside to a bright and welcoming living area that flows effortlessly into the kitchen, creating the perfect space for gathering with family and friends. The kitchen features warm wood cabinetry, a built-in island, and abundant natural light. The thoughtfully designed floor plan includes three generously sized bedrooms, highlighted by a spacious primary suite with an oversized private bath. A second full bathroom provides comfort and convenience for family and guests alike. The large laundry room offers built-in shelving for extra storage and direct access to the backyard. Outside, the expansive lot is a blank canvas with plenty of room for a garden, outdoor entertaining, pets, play space, or future improvements-the possibilities are endless."
1190767941,"Step into the effortless elegance of Coronado living at Regatta Bay. This spacious two-bedroom residence, complemented by a versatile den, offers a sophisticated layout designed for both relaxation and entertaining. The heart of the home is a gourmet kitchen that flows seamlessly into the living areas, all elevated by high-end interior finishes. The standout feature is the expansive wrap-around terrace, a true outdoor sanctuary where you can enjoy the coastal breeze. From the patio, take in glimpses of the San Diego skyline. Perfectly positioned just across from the Ferry Landing, you’re mere moments from boutique shopping, waterfront dining, and the scenic bayfront. Whether you’re looking for a refined primary residence or a stylish island retreat, this home captures the very best of the Coronado lifestyle.","Step into the effortless elegance of Coronado living at Regatta Bay. This spacious two-bedroom residence, complemented by a versatile den, offers a sophisticated layout designed for both relaxation and entertaining. The heart of the home is a gourmet kitchen that flows seamlessly into the living areas, all elevated by high-end interior finishes. The standout feature is the expansive wrap-around terrace, a true outdoor sanctuary where you can enjoy the coastal breeze. From the patio, take in glimpses of the San Diego skyline. Perfectly positioned just across from the Ferry Landing, you're mere moments from boutique shopping, waterfront dining, and the scenic bayfront. Whether you're looking for a refined primary residence or a stylish island retreat, this home captures the very best of the Coronado lifestyle."
1188957692,"Experience modern coastal living in this stunning 3 bed, 2.5 bath end unit townhome, newly built in 2019 & ideally situated in the highly sought after community of Point Loma. Boasting 1,794 square feet, this sophisticated residence seamlessly blends modern luxury with relaxed coastal charm. Flooded with natural light, the open concept floor plan showcases expansive sliding glass doors in the living room that frame the views of city lights & surrounding mountains. The private balcony off the living room is ideal for morning coffee or taking in the sunset & Sea World fireworks. The designer kitchen is a true centerpiece, featuring sleek quartz countertops, an oversized island, & premium stainless steel appliances with a gas range. The spacious primary retreat offers a private balcony & a luxurious ensuite with dual vanities & walk in closet. The flexible floor plan features 2 bedrooms on the entry level accompanied by a large modern bathroom with dual vanities. One of the downstairs bedrooms includes a convenient kitchenette, creating an ideal space for guests or a roommate. Additional features include laundry room, custom blinds, modern finishes, wainscoting detail, & A/C. This gated community has a secured entry leading to 2 assigned underground parking spaces & private storage unit. Located within the community of Upper Voltaire, residents enjoy ground floor retail spaces, close proximity to dining, shopping, Sunset Cliffs, & beautiful beaches. This is a rare opportunity to own a newer construction luxury townhome in one of San Diego's most desirable coastal communities.","Experience modern coastal living in this stunning 3 bed, 2.5 bath end unit townhome, newly built in 2019 & ideally situated in the highly sought after community of Point Loma. Boasting 1,794 square feet, this sophisticated residence seamlessly blends modern luxury with relaxed coastal charm. Flooded with natural light, the open concept floor plan showcases expansive sliding glass doors in the living room that frame the views of city lights & surrounding mountains. The private balcony off the living room is ideal for morning coffee or taking in the sunset & Sea World fireworks. The designer kitchen is a true centerpiece, featuring sleek quartz countertops, an oversized island, & premium stainless steel appliances with a gas range. The spacious primary retreat offers a private balcony & a luxurious ensuite with dual vanities & walk in closet. The flexible floor plan features 2 bedrooms on the entry level accompanied by a large modern bathroom with dual vanities. One of the downstairs bedrooms includes a convenient kitchenette, creating an ideal space for guests or a roommate. Additional features include laundry room, custom blinds, modern finishes, wainscoting detail, & air conditioning. This gated community has a secured entry leading to 2 assigned underground parking spaces & private storage unit. Located within the community of Upper Voltaire, residents enjoy ground floor retail spaces, close proximity to dining, shopping, Sunset Cliffs, & beautiful beaches. This is a rare opportunity to own a newer construction luxury townhome in one of San Diego's most desirable coastal communities."
1158466478,"Light and bright top-floor condo in the coveted Farm Hill Vista Community! You can't beat this location in the complex with a large balcony off the living room and master bedroom overlooking tranquil, verdant views. The kitchen overlooks the lush central grass area and the pool and has plenty of storage/pantry. Ready for your personal touches and updates! The expansive living room and dining area are filled with natural light and offer access to the balcony for unwinding at the end of the day, enjoying beautiful sunsets, and taking in the quiet surroundings. The spacious primary bedroom has a walk-in closet, direct access to the balcony for a peaceful morning coffee, and a fresh start to the day. The two bedrooms share a hall bathroom and in-unit laundry in the large hallway closet.  The well-managed HOA offers many amenities, including a swimming pool, a large central grassy area, and a community garden. Excellent location in the complex, away from Farm Hill Blvd, near the pool. Easy access to 280, Canada College, Downtown Redwood City, trails, and highly rated schools.  The complex has 240V Level 2 EV Chargers.  This is your chance to own an affordable condo in a prime location!","Light and bright top-floor condominium in the coveted Farm Hill Vista Community! You can't beat this location in the complex with a large balcony off the living room and master bedroom overlooking tranquil, verdant views. The kitchen overlooks the lush central grass area and the pool and has plenty of storage/pantry. Ready for your personal touches and updates! The expansive living room and dining area are filled with natural light and offer access to the balcony for unwinding at the end of the day, enjoying beautiful sunsets, and taking in the quiet surroundings. The spacious primary bedroom has a walk-in closet, direct access to the balcony for a peaceful morning coffee, and a fresh start to the day. The two bedrooms share a hall bathroom and in-unit laundry in the large hallway closet. The well-managed homeowners association offers many amenities, including a swimming pool, a large central grassy area, and a community garden. Excellent location in the complex, away from Farm Hill Blvd, near the pool. Easy access to 280, Canada College, Downtown Redwood City, trails, and highly rated schools. The complex has 240V Level 2 EV Chargers. This is your chance to own an affordable condominium in a prime location!"
1190582623,"Welcome to 5 Chadbourne Drive—a spacious family home with 4-bedroom plus bonus/den/office on a prime corner lot in Danville's peaceful Wood Ranch community! Brimming with potential, this ideal layout is ready for a new owner’s fresh vision and cosmetic updates to make it their own custom retreat. Soaring vaulted ceilings invite you into light-filled living spaces, including a formal dining area, family room, and open island kitchen. The functional main level features a private main-floor bedroom and full bath—perfect for guests. Upstairs houses the primary suite, two secondary bedrooms, a full bath, and a versatile open bonus den/office space. Enjoy ultra-low HOA dues with premium amenities: pool, spa, tennis courts, clubhouse, and playground. Ideally located off Camino Tassajara near top-rated schools and Blackhawk Plaza.","Welcome to 5 Chadbourne Drive-a spacious family home with 4-bedroom plus bonus/den/office on a prime corner lot in Danville's peaceful Wood Ranch community! Brimming with potential, this ideal layout is ready for a new owner's fresh vision and cosmetic updates to make it their own custom retreat. Soaring vaulted ceilings invite you into light-filled living spaces, including a formal dining area, family room, and open island kitchen. The functional main level features a private main-floor bedroom and full bath-perfect for guests. Upstairs houses the primary suite, two secondary bedrooms, a full bath, and a versatile open bonus den/office space. Enjoy ultra-low homeowners association dues with premium amenities: pool, spa, tennis courts, clubhouse, and playground. Ideally located off Camino Tassajara near top-rated schools and Blackhawk Plaza."
1147419212,"Outdoor Resort Indio is a Class A Motorcoach resort. This is an RV lot. This corner lot offers the perfect blend of privacy and convenience, making it an ideal retreat for those seeking a quiet and well-appointed space within the resort. Positioned near two golf course entrances, a pet-friendly area, and just a short walk to the clubhouse, you'll have everything you need right at your fingertips. The lot features a built-in BBQ kitchen with a gas single burner, sink, under-counter fridge, and ample storage, making outdoor entertaining effortless. Thoughtfully designed with privacy in mind, the rear of the lot offers a secluded space to unwind, enhanced by included storage boxes and furniture covers to keep your outdoor essentials protected. With easy in-and-out access for your RV and a peaceful atmosphere, this lot provides the perfect combination of comfort, practicality, and luxury resort living.","Outdoor Resort Indio is a Class A Motorcoach resort. This is an RV lot. This corner lot offers the perfect blend of privacy and convenience, making it an ideal retreat for those seeking a quiet and well-appointed space within the resort. Positioned near two golf course entrances, a pet-friendly area, and just a short walk to the clubhouse, you'll have everything you need right at your fingertips. The lot features a built-in BBQ kitchen with a gas single burner, sink, under-counter fridge, and ample storage, making outdoor entertaining effortless. Thoughtfully designed with privacy in mind, the rear of the lot offers a secluded space to unwind, enhanced by included storage boxes and furniture covers to keep your outdoor essentials protected. With easy in-and-out access for your RV and a peaceful atmosphere, this lot provides the perfect combination of comfort, practicality, and luxury resort living."
1191022891,"Welcome to this beautiful and spacious Spring Valley Lake Home, featuring 4 bedrooms, 2 bathrooms, 2,221sq ft of living space. This well-maintained home offers a comfortable and inviting layout with plenty of room for everyone to enjoy. The attractive, low-maintenance rock-landscaped front yard adds to its curb appeal. Enjoy all that the Spring Valley Lake community has to offer, including year-around lake access for boating and water activities, serval playgrounds, picnic areas, fishing areas and more. Come experience the home, the amenities, and the lifestyle this wonderful community has to offer!","Welcome to this beautiful and spacious Spring Valley Lake Home, featuring 4 bedrooms, 2 bathrooms, 2221 square feet of living space. This well-maintained home offers a comfortable and inviting layout with plenty of room for everyone to enjoy. The attractive, low-maintenance rock-landscaped front yard adds to its curb appeal. Enjoy all that the Spring Valley Lake community has to offer, including year-around lake access for boating and water activities, serval playgrounds, picnic areas, fishing areas and more. Come experience the home, the amenities, and the lifestyle this wonderful community has to offer!"
